,agent_type,scenario,reward,steps,interaction_num,duration,cost,datetime,duration_1000_steps_sec,episode_duration_sec,step_exec_times_sec
0,hm_llama3,0,-15.787,1599,28,,0.0,2025-12-07_07-39-44,759.6488425731659,1270.7040407657623,
1,hm_llama3,0,0.4389999999999996,1699,32,,0.0,2025-12-07_08-11-53,836.9967041015625,1427.2849397659302,
2,hm_llama3,0,44.422,1099,20,,0.0,2025-12-07_09-31-00,758.9137196540833,846.9091725349426,
3,hm_llama3,0,-44.027999999999984,1699,30,,0.0,2025-12-07_09-59-38,784.6382887363434,1349.3503873348236,
4,hm_llama3,0,3.742,1299,23,,0.0,2025-12-07_10-48-12,860.8041739463806,1088.4487545490265,
5,hm_llama3,0,25.427,1099,19,,0.0,2025-12-07_12-06-13,812.8982243537903,898.3296940326691,
6,hm_llama3,1,-60.666,1599,30,,0.0,2025-12-07_12-07-36,702.5219395160675,1161.7959537506104,
7,hm_llama3,1,-8.028,1199,21,,0.0,2025-12-07_12-45-54,725.5103452205658,863.9425563812256,
8,hm_llama3,1,-21.751,1299,23,,0.0,2025-12-07_13-26-10,826.4468622207642,1078.170138835907,
9,hm_llama3,1,-19.748,1099,19,,0.0,2025-12-07_13-49-07,829.4083049297333,916.0355236530304,
10,hm_llama3,1,-76.693,2499,41,,0.0,2025-12-07_14-12-36,715.0712153911591,1932.5909159183504,
11,hm_llama3,1,-62.382,2199,40,,0.0,2025-12-07_14-53-03,841.0701324939728,1903.862094640732,
12,hm_llama3,1,-50.42,1599,28,,0.0,2025-12-07_15-30-53,709.6554117202759,1242.5791583061218,
13,hm_llama3,2,5.173,1099,16,,0.0,2025-12-07_16-58-34,677.6541037559509,749.903165102005,
14,hm_llama3,2,10.664,1199,20,,0.0,2025-12-07_17-00-50,710.6606991291046,865.2128338813782,
15,hm_llama3,2,11.602,1199,20,,0.0,2025-12-07_17-13-23,692.1102244853973,876.4527449607849,
16,hm_llama3,2,-33.28699999999999,1999,35,,0.0,2025-12-07_17-17-18,833.7597477436066,1736.1219885349274,
17,hm_llama3,2,0.7730000000000001,1499,26,,0.0,2025-12-07_17-30-33,875.7087285518646,1230.9146406650543,
18,hm_llama3,2,54.701999999999984,2799,48,,0.0,2025-12-07_23-20-03,758.1907494068146,2173.5633158683777,
19,hm_llama3,2,-8.359000000000002,1399,25,,0.0,2025-12-08_01-30-18,875.0383939743042,1237.623502492905,
20,hm_llama3,2,5.416,1499,26,,0.0,2025-12-08_01-32-50,836.427188873291,1276.1432301998138,
21,hm_llama3,2,-47.659,1299,20,,0.0,2025-12-08_01-53-24,773.0266330242157,957.8909258842468,
22,hm_llama3,3,-17.118000000000002,1199,20,,0.0,2025-12-08_03-49-53,886.4702582359314,1050.505187511444,
23,hm_llama3,3,-11.398999999999996,2499,42,,0.0,2025-12-08_03-49-30,872.4925417900085,2282.691069126129,
24,hm_llama3,3,26.044999999999995,1399,24,,0.0,2025-12-08_04-09-49,712.1255533695221,1084.0013494491575,
25,hm_llama3,3,-33.88899999999999,1599,29,,0.0,2025-12-08_04-29-55,850.5234096050262,1370.5130805969238,
26,hm_llama3,3,28.613000000000003,1799,36,,0.0,2025-12-08_04-30-21,821.9235627651215,1492.1117250919342,
27,hm_llama3,3,22.634000000000004,2599,48,,0.0,2025-12-08_04-54-50,839.4744620323181,2342.29385304451,
28,hm_llama3,0,25.658,1299,22,,0.0,2025-12-08_07-28-01,755.1194386482239,968.717892885208,
29,hm_llama3,0,-3.330000000000002,3099,53,,0.0,2025-12-08_07-25-29,736.1113901138306,2181.48628950119,
30,hm_llama3,0,-1.165,1499,23,,0.0,2025-12-08_07-46-21,738.958598613739,1113.6091544628143,
31,hm_llama3,0,-34.989,1699,30,,0.0,2025-12-08_09-29-05,775.606198310852,1423.1269681453705,
32,hm_llama3,0,74.533,1699,30,,0.0,2025-12-08_09-29-11,851.2141380310059,1514.9761345386505,
33,hm_llama3,0,17.254,1099,18,,0.0,2025-12-08_09-56-40,796.8063724040985,863.2262125015259,
34,hm_llama3,0,-33.161,1399,23,,0.0,2025-12-08_09-55-08,721.2003891468048,1073.027952194214,
35,hm_llama3,0,-36.88399999999999,1399,24,,0.0,2025-12-08_10-34-25,623.9468145370483,854.0752844810486,
36,hm_llama3,0,9.826,1299,23,,0.0,2025-12-08_10-34-52,686.3437819480896,867.8128345012665,
37,hm_llama3,0,-35.465,1099,21,,0.0,2025-12-08_10-51-16,814.5371935367584,911.000718832016,
38,hm_llama3,0,3.345,1099,19,,0.0,2025-12-08_10-54-07,699.2245421409607,783.945642709732,
39,hm_llama3,0,1.4750000000000003,1099,19,,0.0,2025-12-08_11-08-35,651.6631007194519,732.0072236061096,
40,hm_llama3,0,24.510000000000005,1299,21,,0.0,2025-12-08_12-02-09,665.2989151477814,891.6154203414917,
41,hm_llama3,0,10.529,1299,26,,0.0,2025-12-08_12-01-50,743.8989202976227,990.3304557800292,
42,hm_llama3,4,3.301,1399,25,,0.0,2025-12-08_13-10-31,880.982634305954,1199.8988654613495,
43,hm_llama3,4,38.38899999999998,1899,33,,0.0,2025-12-08_13-10-24,696.5749733448029,1478.6690859794617,
44,hm_llama3,4,-21.23699999999999,1199,20,,0.0,2025-12-08_13-37-28,697.3149952888489,839.4330055713654,
45,hm_llama3,4,-69.33699999999997,1899,32,,0.0,2025-12-08_13-32-56,760.1566352844238,1452.9983296394348,
46,hm_llama3,4,1.5319999999999998,1099,20,,0.0,2025-12-08_13-53-51,747.9409880638123,826.5262806415558,
47,hm_llama3,4,2.642,2699,48,,0.0,2025-12-08_13-59-30,841.127660036087,2273.943178892136,
48,hm_llama3,5,15.480999999999998,1099,9,,0.0,2025-12-08_15-12-59,737.3581638336182,832.571973323822,
49,hm_llama3,5,-10.099,1499,16,,0.0,2025-12-08_15-10-18,717.9627294540405,1124.6637456417084,
50,hm_llama3,5,8.096,1299,10,,0.0,2025-12-08_15-34-20,498.3830602169037,709.0165250301361,
51,hm_llama3,5,6.618,2199,20,,0.0,2025-12-08_15-32-14,578.1947076320648,1251.3441615104675,
52,hm_llama3,6,-15.076,1399,23,,0.0,2025-12-08_15-48-23,733.1041889190674,1068.4730560779572,
53,hm_llama3,6,-27.498999999999995,1399,22,,0.0,2025-12-08_15-55-13,733.9965310096741,1011.4181215763092,
54,hm_llama3,6,-40.394,1299,20,,0.0,2025-12-08_16-08-26,695.7293667793274,902.8742926120758,
55,hm_llama3,6,36.057,1399,25,,0.0,2025-12-08_16-14-29,734.6587212085724,1135.512416124344,
56,hm_llama3,6,-19.452,1099,20,,0.0,2025-12-08_16-26-05,835.1828639507294,930.4841532707214,
57,hm_llama3,6,-13.025000000000002,1199,16,,0.0,2025-12-08_16-35-46,612.8714308738708,763.304762840271,
58,hm_llama3,7,-69.712,1699,30,,0.0,2025-12-09_01-59-22,731.748407125473,1304.0122623443604,
59,hm_llama3,7,-2.5499999999999994,1499,27,,0.0,2025-12-09_02-01-48,754.6735949516296,1198.8380954265594,
60,hm_llama3,7,-30.201,1399,27,,0.0,2025-12-09_02-22-57,768.1812958717346,1131.1894736289978,
61,hm_llama3,7,-42.30200000000001,1099,19,,0.0,2025-12-09_02-52-11,753.0125968456268,839.808614730835,
62,hm_llama3,7,78.592,1699,31,,0.0,2025-12-09_02-51-46,719.9819798469543,1278.864028453827,
63,hm_llama3,7,133.57400000000004,3099,55,,0.0,2025-12-09_03-08-04,670.6800119876862,2167.507521629333,
64,hm_llama3,5,-14.361000000000002,1099,13,,0.0,2025-12-09_04-30-14,637.2027432918549,715.5330996513367,
65,hm_llama3,5,13.830000000000004,2299,26,,0.0,2025-12-09_05-08-11,548.4943766593933,1670.3349652290344,
66,hm_llama3,0,-31.486000000000004,1499,24,,0.0,2025-12-09_05-55-40,786.6025280952454,1218.0992801189425,
67,hm_llama3,0,76.41100000000002,1899,32,,0.0,2025-12-09_05-56-12,816.3750507831573,1604.0705544948578,
68,hm_llama3,1,-12.557,1299,23,,0.0,2025-12-09_06-18-10,854.4410758018494,1136.3109304904938,
69,hm_llama3,1,-6.464999999999998,1899,31,,0.0,2025-12-09_06-25-10,714.9999370574951,1503.9771497249603,
70,hm_llama3,1,-12.287999999999998,1899,35,,0.0,2025-12-09_06-39-42,822.7033431529999,1634.022472858429,
71,hm_llama3,1,-25.485,1099,18,,0.0,2025-12-09_06-52-34,810.9407455921173,879.236533164978,
72,hm_llama3,1,-5.881000000000001,1099,19,,0.0,2025-12-09_07-59-19,928.6294322013856,1007.1741552352904,
73,hm_llama3,1,-51.57599999999999,2199,39,,0.0,2025-12-09_07-59-38,913.869262456894,2159.4731414318085,
74,hm_llama3,2,-19.644,1799,30,,0.0,2025-12-09_08-43-57,789.4923279285431,1535.9940428733826,
75,hm_llama3,2,-38.921,1299,25,,0.0,2025-12-09_09-19-00,917.214054107666,1278.6595344543457,
76,hm_llama3,2,43.21499999999999,1899,32,,0.0,2025-12-09_09-16-11,756.4507477283478,1568.2777190208435,
77,hm_llama3,2,-8.459999999999999,2199,43,,0.0,2025-12-09_09-42-20,792.5216264724731,2070.571384191513,
78,hm_llama3,2,70.488,1699,33,,0.0,2025-12-09_10-57-07,933.3737437725068,1590.633324384689,
79,hm_llama3,2,13.497,3199,54,,0.0,2025-12-09_11-00-28,838.469898223877,2947.755501747132,
80,hm_llama3,3,-14.48,1199,20,,0.0,2025-12-09_11-56-18,773.3284142017365,957.693502664566,
81,hm_llama3,3,-0.28,1399,28,,0.0,2025-12-09_11-59-01,829.4681513309479,1251.3123598098755,
82,hm_llama3,3,3.1800000000000006,1199,24,,0.0,2025-12-09_12-14-29,985.2263967990876,1224.4959981441498,
83,hm_llama3,3,29.457000000000004,1299,25,,0.0,2025-12-09_12-22-07,905.5417566299438,1205.5485401153564,
84,hm_llama3,3,1.8300000000000003,1499,27,,0.0,2025-12-09_12-36-56,892.6027185916901,1305.12748670578,
85,hm_llama3,4,-9.826,1199,19,,0.0,2025-12-09_15-33-28,767.762689113617,865.5716426372528,
86,hm_llama3,3,-5.502000000000001,1399,28,,0.0,2025-12-09_15-30-34,1017.021956205368,1422.6525573730469,
87,hm_llama3,4,2.682,1199,20,,0.0,2025-12-09_15-56-37,910.433221578598,1089.1357171535492,
88,hm_llama3,4,-53.07599999999998,1899,34,,0.0,2025-12-09_15-49-55,849.5151238441467,1687.0264465808868,
89,hm_llama3,4,-9.394,1099,21,,0.0,2025-12-09_16-17-11,865.4835290908813,927.4608657360076,
90,hm_llama3,4,1.1770000000000005,1299,21,,0.0,2025-12-09_16-35-05,725.9297943115234,1074.173669576645,
91,hm_llama3,4,86.97300000000001,2899,46,,0.0,2025-12-09_16-20-26,598.257922410965,2346.410752773285,
92,hm_llama3,5,-0.193,1199,10,,0.0,2025-12-10_04-34-52,559.1436865329742,700.0472130775452,
93,hm_llama3,5,-2.886,1399,15,,0.0,2025-12-10_04-37-16,686.7037818431854,962.5899412631989,
94,hm_llama3,5,-1.9120000000000008,1199,12,,0.0,2025-12-10_04-48-44,624.5288836956024,751.8961420059204,
95,hm_llama3,5,19.413,1099,11,,0.0,2025-12-10_04-55-54,636.4598686695099,708.4001784324646,
96,hm_llama3,5,13.959,1299,12,,0.0,2025-12-10_05-03-47,589.9335441589355,806.0358052253723,
97,hm_llama3,5,-13.825,1299,16,,0.0,2025-12-10_05-32-46,651.2088396549225,885.3745403289795,
98,hm_llama3,6,-33.959,1899,32,,0.0,2025-12-10_05-35-18,774.8451554775238,1624.0656793117523,
99,hm_llama3,6,-45.74399999999999,1599,27,,0.0,2025-12-10_05-50-10,802.1988387107849,1374.3418064117432,
100,hm_llama3,6,5.018,1399,24,,0.0,2025-12-10_06-04-28,812.1786353588104,1140.2093703746796,
101,hm_llama3,6,-1.2359999999999995,1099,19,,0.0,2025-12-10_06-15-33,854.6187343597412,959.8053987026216,
102,hm_llama3,6,-14.968,1199,19,,0.0,2025-12-10_06-25-56,869.5830609798431,1026.9594902992249,
103,hm_llama3,6,15.622000000000002,1199,19,,0.0,2025-12-10_06-33-59,796.672176361084,968.695093870163,
104,hm_llama3,7,18.196,1499,26,,0.0,2025-12-10_07-25-48,794.6675293445587,1251.7530789375303,
105,hm_llama3,7,62.797,1499,28,,0.0,2025-12-10_07-28-16,821.8774824142456,1305.0138127803802,
106,hm_llama3,7,-10.106,2199,40,,0.0,2025-12-10_07-48-53,844.4480800628662,2028.493708610535,
107,hm_llama3,7,-7.729999999999999,2599,50,,0.0,2025-12-10_07-52-14,835.0407679080963,2483.7922101020813,
108,hm_llama3,7,-15.18,1199,21,,0.0,2025-12-10_08-24-55,892.0427091121674,1071.368854522705,
109,hm_llama3,7,1.2739999999999996,1199,21,,0.0,2025-12-10_09-50-37,844.7818899154663,1007.2840459346772,
110,hm_llama3,1,-16.244,1399,23,,0.0,2025-12-10_10-13-33,671.5440528392792,962.5268402099608,
111,hm_llama3,1,-12.145,1299,23,,0.0,2025-12-10_10-23-47,793.5031974315643,1002.8045616149902,
112,hm_llama3,1,-40.793,1299,24,,0.0,2025-12-10_10-31-34,654.9153611660004,871.018265247345,
113,hm_llama3,1,1.761,1099,19,,0.0,2025-12-10_10-42-41,657.58416056633,731.289324760437,
114,hm_llama3,1,1.4719999999999998,1099,19,,0.0,2025-12-10_10-47-56,621.479336977005,706.3006627559662,
115,hm_llama3,1,-7.745000000000001,1399,25,,0.0,2025-12-10_13-48-26,787.7566967010498,1042.5557413101196,
116,hm_llama3,2,-43.215,1399,22,,0.0,2025-12-10_15-27-54,651.2700395584106,928.489804506302,
117,hm_llama3,2,-14.512,1399,23,,0.0,2025-12-10_15-28-13,684.0018017292023,957.1541965007782,
118,hm_llama3,2,-30.508000000000006,1099,18,,0.0,2025-12-10_15-45-52,724.192943572998,800.717714548111,
119,hm_llama3,2,-46.435,1199,21,,0.0,2025-12-10_15-46-10,656.4629368782043,790.852846622467,
120,hm_llama3,2,-39.91,1099,19,,0.0,2025-12-10_16-01-13,628.0712563991547,670.3953790664673,
121,hm_llama3,2,6.216000000000001,1699,29,,0.0,2025-12-10_16-01-34,722.8918220996857,1199.512080192566,
122,hm_llama3,3,10.381,1199,22,,0.0,2025-12-10_16-27-41,744.8803899288177,869.8102602958679,
123,hm_llama3,3,-8.495999999999999,1099,20,,0.0,2025-12-10_16-30-02,738.5950498580933,778.7362160682678,
124,hm_llama3,3,-42.527,1299,21,,0.0,2025-12-10_16-44-37,609.8358812332153,830.0848605632782,
125,hm_llama3,3,-2.9160000000000004,1199,22,,0.0,2025-12-10_16-44-55,657.9943761825562,817.7660291194916,
126,hm_llama3,3,5.945,1099,18,,0.0,2025-12-10_17-00-47,736.6293590068817,787.6967124938965,
127,hm_llama3,4,-21.088,1999,33,,0.0,2025-12-10_17-00-32,654.4451053142548,1331.4841730594635,
128,hm_llama3,4,-25.181,1399,24,,0.0,2025-12-10_17-16-15,745.3111398220062,1018.6485164165496,
129,hm_llama3,4,3.5279999999999987,1299,22,,0.0,2025-12-10_17-25-02,754.544353723526,957.0194432735444,
130,hm_llama3,4,-10.091,1399,23,,0.0,2025-12-10_17-35-50,696.4415149688721,973.2579572200776,
131,hm_llama3,4,1.082,1099,19,,0.0,2025-12-10_17-43-11,659.0654380321503,704.0099899768829,
132,hm_llama3,4,-58.68800000000001,1799,30,,0.0,2025-12-10_17-54-09,686.5269665718079,1134.0978269577026,
133,hm_llama3,3,2.771,1799,31,,0.0,2025-12-11_02-04-21,683.7344319820404,1343.1641945838928,
134,hm_llama3,5,13.974000000000002,2199,21,,0.0,2025-12-11_02-07-13,483.3778176307678,1181.0542521476746,
135,hm_llama3,5,-2.459,1399,15,,0.0,2025-12-11_02-28-42,580.2801072597504,812.6244118213654,
136,hm_llama3,5,-0.5830000000000002,1599,13,,0.0,2025-12-11_02-29-09,496.2640547752381,821.8974385261536,
137,hm_llama3,5,24.629000000000005,1299,13,,0.0,2025-12-11_02-44-13,567.4962375164032,720.2056653499603,
138,hm_llama3,5,18.012999999999998,1699,16,,0.0,2025-12-11_02-44-59,530.9921553134918,894.7893640995026,
139,hm_llama3,6,-46.935,1299,23,,0.0,2025-12-11_05-47-30,754.5159089565277,973.7542927265168,
140,hm_llama3,5,-9.392,1599,21,,0.0,2025-12-11_05-47-11,617.0878555774689,996.5574686527252,
141,hm_llama3,6,-0.581,1099,20,,0.0,2025-12-11_06-05-52,951.9515039920808,1009.1306855678558,
142,hm_llama3,6,11.975,2399,36,,0.0,2025-12-11_06-08-30,651.6366035938263,1522.7823197841644,
143,hm_llama3,6,20.525,1099,19,,0.0,2025-12-11_06-24-53,649.3321876525879,719.9889028072357,
144,hm_llama3,6,5.196,1699,31,,0.0,2025-12-11_06-35-57,776.8616676330566,1347.2498655319214,
145,hm_llama3,6,-38.008,1199,20,,0.0,2025-12-11_07-01-25,689.8461239337921,782.6306936740875,
146,hm_llama3,7,59.89500000000001,1499,28,,0.0,2025-12-11_07-01-46,784.0612568855286,1122.4282529354095,
147,hm_llama3,7,-13.900999999999998,1099,17,,0.0,2025-12-11_07-16-20,768.3557305335999,813.7506880760193,
148,hm_llama3,7,-54.03700000000001,1299,23,,0.0,2025-12-11_07-22-14,613.6640362739563,844.9791765213013,
149,hm_llama3,7,22.533999999999995,1399,24,,0.0,2025-12-11_07-31-54,729.0700256824493,1025.343859910965,
150,hm_llama3,7,13.173999999999998,1099,20,,0.0,2025-12-11_07-38-25,677.8850374221802,753.314954996109,
151,hm_llama3,7,-75.364,1799,33,,0.0,2025-12-11_07-50-53,742.1371133327484,1244.5192341804504,
152,hm_llama3,1,-27.18200000000001,1099,18,,0.0,2025-12-11_10-43-16,800.8169238567352,852.556459903717,
153,hm_llama3,1,-67.02,1999,33,,0.0,2025-12-11_10-40-55,709.2760109901428,1441.5153181552887,
154,hm_llama3,2,-6.496,1199,20,,0.0,2025-12-11_13-58-42,771.6813750267029,915.4446580410004,
155,hm_llama3,1,-45.408,1599,28,,0.0,2025-12-11_13-58-22,718.5390210151672,1215.2315583229065,
156,hm_llama3,3,-5.988,1199,20,,0.0,2025-12-11_14-16-31,673.7249176502228,838.4012987613678,
157,hm_llama3,3,15.553,1599,31,,0.0,2025-12-11_14-20-52,857.3002831935883,1326.3794095516205,
158,hm_llama3,3,14.255,1299,21,,0.0,2025-12-11_14-32-54,732.4539322853088,925.3566615581512,
159,hm_llama3,3,33.45399999999999,1599,26,,0.0,2025-12-11_14-45-27,748.3290119171143,1167.4046688079834,
160,hm_llama3,4,-4.156000000000001,1399,23,,0.0,2025-12-11_15-41-04,729.907190322876,1048.4426839351654,
161,hm_llama3,4,-18.26,1399,23,,0.0,2025-12-11_15-41-25,718.9993379116058,1105.108419418335,
162,hm_llama3,4,29.995999999999995,1499,26,,0.0,2025-12-11_16-00-32,729.9781761169434,1176.378464460373,
163,hm_llama3,4,43.472,2299,40,,0.0,2025-12-11_16-02-00,655.9731390476227,1687.8340530395508,
164,hm_llama3,5,-1.035,1099,11,,0.0,2025-12-11_16-22-28,564.210527420044,629.2004685401917,
165,hm_llama3,5,5.828999999999999,1099,11,,0.0,2025-12-11_16-32-31,597.0591621398926,628.3263349533081,
166,hm_llama3,5,-5.207,1799,21,,0.0,2025-12-11_16-44-53,579.1869938373566,1188.0486600399015,
167,hm_llama3,5,56.007,3099,24,,0.0,2025-12-11_16-35-05,482.4693262577057,1891.113420248032,
168,hm_llama3,0,25.291999999999994,1499,25,,0.0,2025-12-24_06-11-22,972.9001924991608,1538.9363193511963,
169,hm_llama3,0,-25.332999999999995,1699,28,,0.0,2025-12-24_06-14-17,961.943699836731,1706.341778755188,
170,hm_llama3,0,-0.4690000000000003,1499,27,,0.0,2025-12-24_06-39-13,1080.4010844230652,1410.3890631198883,
171,hm_llama3,0,-3.267,1599,30,,0.0,2025-12-24_06-44-41,1040.876311302185,1663.693878173828,
172,hm_llama3,0,30.839,1699,30,,0.0,2025-12-24_07-04-50,902.392104625702,1629.7769227027893,
173,hm_llama3,1,0.3629999999999991,2199,39,,0.0,2025-12-24_07-14-40,1049.3310706615448,2544.7493002414703,
174,hm_llama3,1,-17.372,2199,36,,0.0,2025-12-24_07-34-17,923.8123440742492,2316.291119337082,
175,hm_llama3,1,-26.138,1499,28,,0.0,2025-12-24_07-59-18,1109.033961057663,1761.5603535175323,
176,hm_llama3,1,-11.82,1599,29,,0.0,2025-12-24_08-15-18,1040.1451399326324,1770.2724916934967,
177,hm_llama3,1,3.1279999999999992,1699,29,,0.0,2025-12-24_08-30-42,921.2685232162476,1782.1540236473083,
178,hm_llama3,1,-19.363000000000003,1099,19,,0.0,2025-12-24_08-46-46,1009.1432132720948,1098.12632727623,
179,hm_llama3,2,4.921999999999999,1199,19,,0.0,2025-12-25_05-06-16,810.6664221286774,1006.943915605545,
180,hm_llama3,0,7.433000000000001,1699,27,,0.0,2025-12-25_05-03-56,868.3840000629425,1558.7917597293854,
181,hm_llama3,2,-20.687,1299,22,,0.0,2025-12-25_05-25-13,933.082861185074,1214.5189096927645,
182,hm_llama3,2,-2.294,1299,21,,0.0,2025-12-25_05-32-16,891.0432288646698,1144.7416055202484,
183,hm_llama3,2,-26.898000000000003,1099,20,,0.0,2025-12-25_05-53-24,942.6688811779022,1050.4580838680267,
184,hm_llama3,2,-42.36,2099,37,,0.0,2025-12-25_05-47-43,922.340078830719,2097.0079720020294,
185,hm_llama3,2,-1.656000000000001,1899,35,,0.0,2025-12-25_06-13-20,643.0116474628448,1730.331165790558,
186,hm_llama3,3,1.31,1199,22,,0.0,2025-12-25_06-57-51,1055.829275846481,1310.0261096954346,
187,hm_llama3,3,6.260000000000001,1799,31,,0.0,2025-12-25_06-58-22,1022.1966545581818,1608.7362859249115,
188,hm_llama3,3,-27.278,1299,22,,0.0,2025-12-25_07-21-58,980.1970067024232,1295.3600897789,
189,hm_llama3,3,-19.843,1799,36,,0.0,2025-12-25_07-27-15,987.353234052658,1776.2570974826813,
190,hm_llama3,3,12.041,1599,32,,0.0,2025-12-25_07-58-58,985.3761441707612,1573.6927859783173,
191,hm_llama3,3,-95.789,2499,46,,0.0,2025-12-25_07-45-56,890.4073419570923,2627.9192609786987,
192,hm_llama3,3,-3.938,1199,21,,0.0,2025-12-25_08-53-02,864.5017640590668,1079.440224647522,
193,hm_llama3,3,-1.917,1399,29,,0.0,2025-12-25_08-52-39,1019.6632537841796,1530.5458869934082,
194,hm_llama3,3,-38.42499999999999,1299,24,,0.0,2025-12-25_09-12-59,959.4760038852692,1321.1439118385315,
195,hm_llama3,3,26.186,1599,29,,0.0,2025-12-25_09-20-05,893.9664342403412,1586.2130389213562,
196,hm_llama3,3,53.317,1299,25,,0.0,2025-12-25_09-37-07,910.3679916858672,1247.213011264801,
197,hm_llama3,3,11.084,1299,26,,0.0,2025-12-25_09-48-58,974.9363226890564,1323.0696539878843,
198,hm_llama3,4,-9.932,1699,30,,0.0,2025-12-25_10-00-19,916.5435502529144,1680.208105802536,
199,hm_llama3,4,23.689,1799,32,,0.0,2025-12-25_10-13-14,895.3611507415771,1635.9495248794556,
200,hm_llama3,4,-10.906,1199,19,,0.0,2025-12-25_10-30-42,795.901912689209,1021.499533176422,
201,hm_llama3,4,-7.539,1799,30,,0.0,2025-12-25_10-42-53,874.4284150600433,1694.4233694076538,
202,hm_llama3,4,-41.068,1199,19,,0.0,2025-12-25_11-13-23,651.6248114109039,789.3642141819,
203,hm_llama3,4,-62.702999999999975,3299,55,,0.0,2025-12-25_10-49-36,829.6727421283722,3162.343783378601,
204,hm_llama3,5,0.716,1099,5,,0.0,2025-12-25_15-25-15,495.8716638088226,542.1693675518036,
205,hm_llama3,5,5.416,1299,13,,0.0,2025-12-25_15-27-53,582.0645747184753,800.7553813457489,
206,hm_llama3,5,17.418,1999,19,,0.0,2025-12-25_15-36-16,570.7985846996307,1339.975680589676,
207,hm_llama3,5,-6.215999999999999,1499,19,,0.0,2025-12-25_15-49-13,705.3392012119293,1088.650616645813,
208,hm_llama3,5,5.07,2299,27,,0.0,2025-12-26_02-37-38,746.1835961341858,1734.475138425827,
209,hm_llama3,6,32.468,1799,32,,0.0,2025-12-26_02-39-40,832.3260052204132,1643.8014092445374,
210,hm_llama3,6,17.798000000000002,1099,18,,0.0,2025-12-26_03-09-22,844.3633573055267,955.2301239967346,
211,hm_llama3,6,28.511000000000003,1299,22,,0.0,2025-12-26_03-08-38,879.7830443382263,1160.1594359874723,
212,hm_llama3,6,4.283,1099,20,,0.0,2025-12-26_03-27-18,1000.0900354385376,1118.7401292324066,
213,hm_llama3,6,-56.507000000000005,1499,24,,0.0,2025-12-26_03-30-10,805.5247292518616,1305.1995871067047,
214,hm_llama3,6,-29.234,1699,29,,0.0,2025-12-26_03-48-14,928.4497470855712,1643.8932421207428,
215,hm_llama3,5,7.814000000000001,1899,18,,0.0,2025-12-26_05-24-42,556.1113941669464,1273.101636648178,
216,hm_llama3,7,2.617,1599,30,,0.0,2025-12-26_05-26-00,878.1070289611816,1571.828534603119,
217,hm_llama3,7,41.559,1599,28,,0.0,2025-12-26_05-48-15,993.8872513771056,1497.9560165405271,
218,hm_llama3,7,49.49,1299,24,,0.0,2025-12-26_05-56-40,937.8676915168762,1237.226440191269,
219,hm_llama3,7,-32.181000000000004,1099,20,,0.0,2025-12-26_06-19-15,981.17462348938,1057.1267023086548,
220,hm_llama3,7,43.85200000000001,1499,26,,0.0,2025-12-26_06-15-16,855.463874578476,1391.4270157814026,
221,hm_llama3,7,-10.345,1499,25,,0.0,2025-12-26_10-30-10,993.493381500244,1503.0301661491394,
222,hm_llama3,0,0.6190000000000002,1299,22,,0.0,2025-12-26_14-54-43,771.8529968261719,1044.2746534347534,
223,hm_llama3,0,-26.53,1599,27,,0.0,2025-12-26_15-14-30,833.1899924278259,1368.4260158538818,
224,hm_llama3,0,10.361000000000002,2699,48,,0.0,2025-12-26_14-57-27,864.6399922370911,2511.5677037239075,
225,hm_llama3,0,28.58299999999999,1399,25,,0.0,2025-12-26_15-41-27,748.7699851989746,1162.5209395885468,
226,hm_llama3,0,29.047999999999995,1899,35,,0.0,2025-12-26_15-39-28,984.002541065216,1817.0437989234924,
227,hm_llama3,1,-36.382,1099,21,,0.0,2025-12-26_16-02-59,884.2851157188416,952.8033363819122,
228,hm_llama3,1,-14.933000000000002,1499,27,,0.0,2025-12-26_16-11-53,948.6351697444916,1429.5234916210177,
229,hm_llama3,1,3.682,1599,27,,0.0,2025-12-26_16-20-57,621.8207726478577,1235.8186447620392,
230,hm_llama3,1,-12.328,1199,21,,0.0,2025-12-26_16-41-47,948.5256991386414,1154.7785861492157,
231,hm_llama3,1,-36.237,1299,22,,0.0,2025-12-26_16-43-51,819.106819152832,1054.6289978027344,
232,hm_llama3,2,44.79500000000001,1099,21,,0.0,2025-12-27_09-49-36,836.4361529350281,934.4947423934937,
233,hm_llama3,0,28.966,1399,24,,0.0,2025-12-27_09-47-40,826.5872945785522,1186.164057016373,
234,hm_llama3,2,65.45599999999999,1699,29,,0.0,2025-12-27_10-07-10,777.4496827125549,1441.5560846328735,
235,hm_llama3,2,-1.383000000000001,1399,25,,0.0,2025-12-27_10-09-36,930.6043210029602,1303.5264265537262,
236,hm_llama3,2,-25.627,1399,25,,0.0,2025-12-27_10-33-11,756.9586005210876,1104.324188709259,
237,hm_llama3,2,-1.3130000000000002,1599,30,,0.0,2025-12-27_10-33-21,715.3292157649994,1198.48504447937,
238,hm_llama3,2,20.624,1199,19,,0.0,2025-12-27_10-53-45,863.6153371334076,1016.5290265083312,
239,hm_llama3,1,-51.322,1599,30,,0.0,2025-12-29_13-57-53,828.3065068721771,1362.5580949783323,
240,hm_llama3,0,66.968,1999,36,,0.0,2025-12-29_13-52-55,714.6475429534912,1676.6529359817505,
241,hm_llama3,3,-20.017000000000003,1399,24,,0.0,2025-12-30_03-57-22,654.4660520553589,1045.756740808487,
242,hm_llama3,3,-26.486,1699,30,,0.0,2025-12-30_03-59-37,780.8911490440369,1470.62974858284,
243,hm_llama3,3,4.436,1999,33,,0.0,2025-12-30_04-17-21,689.5608294010162,1613.60782456398,
244,hm_llama3,3,2.141,1399,25,,0.0,2025-12-30_04-26-39,915.8002922534944,1267.2696650028229,
245,hm_llama3,3,-19.861,1399,28,,0.0,2025-12-30_04-46-48,842.011176109314,1224.891937971115,
246,hm_llama3,3,9.345999999999998,1299,23,,0.0,2025-12-30_04-50-10,847.4360482692719,1136.160636663437,
247,hm_llama3,4,-12.351,1199,20,,0.0,2025-12-30_06-11-48,741.7908823490143,928.8863401412964,
248,hm_llama3,4,-18.414,1199,23,,0.0,2025-12-30_11-37-03,861.3201277256012,1037.3566682338717,
249,hm_llama3,4,56.61200000000001,1599,28,,0.0,2025-12-30_11-47-46,753.8331294059753,1345.472115278244,
250,hm_llama3,4,-9.061999999999996,1799,32,,0.0,2025-12-30_11-56-16,640.1205997467041,1281.3809747695925,
251,hm_llama3,4,-4.231,1399,24,,0.0,2025-12-30_12-19-53,612.483372926712,897.8955886363983,
252,hm_llama3,4,-19.161000000000005,1899,34,,0.0,2025-12-30_12-12-17,780.8878817558289,1600.992298603058,
253,hm_llama3,5,2.643,1099,12,,0.0,2025-12-31_02-58-08,599.6771223545074,687.4560110569,
254,hm_llama3,5,-8.437,1299,14,,0.0,2025-12-31_03-00-19,480.24139642715454,677.3728988170624,
255,hm_llama3,5,1.416,1099,11,,0.0,2025-12-31_03-11-49,575.3125581741333,668.0481989383698,
256,hm_llama3,5,11.19,1599,15,,0.0,2025-12-31_03-13-51,676.245087146759,973.5633156299592,
257,hm_llama3,5,8.802,1399,14,,0.0,2025-12-31_03-25-20,613.3388307094574,873.6800138950348,
258,hm_llama3,5,-0.3709999999999998,1099,9,,0.0,2025-12-31_04-51-39,628.7522437572479,671.2310631275177,
259,hm_llama3,6,-43.637,1299,22,,0.0,2025-12-31_04-56-42,678.411073923111,901.5001420974731,
260,hm_llama3,6,8.265,1699,29,,0.0,2025-12-31_05-04-59,829.7768268585205,1456.4942064285278,
261,hm_llama3,5,0.8930000000000006,1199,12,,0.0,2025-12-31_06-03-03,615.6037571430206,718.2878043651581,
262,hm_llama3,6,30.947000000000003,1399,24,,0.0,2025-12-31_06-03-27,728.1838865280151,1116.0748507976532,
263,hm_llama3,6,63.243,1699,30,,0.0,2025-12-31_06-17-36,750.0061731338501,1340.1441750526428,
264,hm_llama3,6,8.32,1399,26,,0.0,2025-12-31_06-24-24,898.5022079944611,1207.4166445732117,
265,hm_llama3,6,18.348,1199,21,,0.0,2025-12-31_06-42-09,819.1923065185547,984.964029788971,
266,hm_llama3,7,-35.45,1499,26,,0.0,2025-12-31_14-05-51,800.0926742553711,1283.7003469467163,
267,hm_llama3,7,30.197,1499,26,,0.0,2025-12-31_14-09-26,751.2189066410065,1149.465476989746,
268,hm_llama3,7,-29.268,1199,20,,0.0,2025-12-31_14-29-10,716.6578176021576,877.8815140724182,
269,hm_llama3,7,-71.21300000000002,1499,27,,0.0,2025-12-31_14-30-56,845.5422210693359,1221.8174512386322,
270,hm_llama3,7,-38.57599999999999,1399,26,,0.0,2025-12-31_15-56-28,807.3668234348297,1112.228874206543,
271,hm_llama3,7,67.254,2199,38,,0.0,2026-01-01_11-54-46,617.1685152053833,1532.3306245803833,
272,hm_llama3,0,-42.768,1099,19,,0.0,2026-01-01_13-28-23,716.0280599594116,767.0762047767639,
273,hm_llama3,0,26.645000000000003,1099,20,,0.0,2026-01-01_13-30-35,587.2571792602539,661.2234818935394,
274,hm_llama3,0,11.898,1099,21,,0.0,2026-01-01_13-43-12,776.5396373271942,840.3961832523346,
275,hm_llama3,0,-0.2869999999999999,1299,24,,0.0,2026-01-01_13-43-38,785.9012658596039,1071.9733860492706,
276,hm_llama3,0,20.491,1099,18,,0.0,2026-01-01_13-59-18,702.5018286705017,773.7606689929962,
277,hm_llama3,0,-26.449,1299,21,,0.0,2026-01-01_14-03-41,714.8379793167114,910.2577569484712,
278,hm_llama3,1,-3.065999999999999,1099,17,,0.0,2026-01-01_14-39-04,838.2605929374695,905.4939079284668,
279,hm_llama3,1,-32.963,1499,29,,0.0,2026-01-01_14-38-36,962.1333525180816,1282.132037401199,
280,hm_llama3,1,-4.548999999999999,1099,17,,0.0,2026-01-01_15-02-13,742.5466589927673,805.3479959964752,
281,hm_llama3,1,-11.225,1399,25,,0.0,2026-01-01_14-56-22,946.9352707862854,1234.0236976146698,
282,hm_llama3,1,-8.533,1099,17,,0.0,2026-01-01_15-17-51,687.6475961208344,759.6174101829529,
283,hm_llama3,1,-6.917,1099,21,,0.0,2026-01-01_15-19-02,838.46830534935,911.70068693161,
284,hm_llama3,2,-5.711999999999999,1199,19,,0.0,2026-01-01_16-08-28,676.8561317920685,800.715615272522,
285,hm_llama3,2,-39.791,1299,24,,0.0,2026-01-01_16-11-15,786.6628704071045,1057.4533367156982,
286,hm_llama3,2,1.6329999999999998,1199,19,,0.0,2026-01-01_16-24-32,620.555999994278,794.1958677768707,
287,hm_llama3,2,-56.038,1499,24,,0.0,2026-01-01_16-31-15,556.2179589271545,809.037132024765,
288,hm_llama3,2,-16.590999999999998,1399,22,,0.0,2026-01-02_07-16-08,687.9280731678009,1008.3084604740144,
289,hm_llama3,2,27.437,1199,22,,0.0,2026-01-02_13-16-05,749.1882271766663,910.1959342956544,
290,hm_llama3,3,35.109,1999,40,,0.0,2026-01-02_15-39-37,736.5545792579651,1542.1978726387024,
291,hm_llama3,3,-30.713,2099,41,,0.0,2026-01-02_15-42-40,604.3860149383545,1534.5508482456207,
292,hm_llama3,3,-0.819,1099,18,,0.0,2026-01-02_16-07-45,751.5100395679474,855.381353855133,
293,hm_llama3,3,1.632,1499,27,,0.0,2026-01-02_16-10-32,768.4303855895996,1203.8680329322815,
294,hm_llama3,4,11.138,1199,21,,0.0,2026-01-02_16-32-33,712.390421628952,906.778825044632,
295,hm_llama3,3,-0.9309999999999992,2099,42,,0.0,2026-01-02_16-24-06,834.9580340385437,1915.10883808136,
296,hm_llama3,4,22.872,1099,19,,0.0,2026-01-02_16-50-17,662.7947990894318,714.9361274242401,
297,hm_llama3,4,7.798999999999999,1199,22,,0.0,2026-01-02_16-58-16,890.7290508747101,1082.0303106307983,
298,hm_llama3,4,1.029,1099,20,,0.0,2026-01-02_17-04-31,682.5746674537659,747.4410502910614,
299,hm_llama3,4,-8.447000000000001,1099,20,,0.0,2026-01-02_17-18-47,715.139976978302,815.5009627342224,
300,hm_llama3,4,-41.652,1299,21,,0.0,2026-01-02_17-19-09,641.1639678478241,840.83829164505,
301,hm_llama3,5,10.609000000000002,1199,14,,0.0,2026-01-03_04-55-57,410.3180854320526,514.0631349086761,
302,hm_llama3,5,-24.751,1799,22,,0.0,2026-01-03_04-56-24,590.1439175605774,1025.9195013046265,
303,hm_llama3,5,3.035,1399,15,,0.0,2026-01-03_05-06-54,572.4124600887299,893.266428232193,
304,hm_llama3,5,5.709999999999999,1499,12,,0.0,2026-01-03_05-15-54,438.45059299468994,630.0540220737457,
305,hm_llama3,5,16.585,1299,15,,0.0,2026-01-03_05-23-45,485.3756079673767,670.0749890804291,
306,hm_llama3,5,5.019,1099,11,,0.0,2026-01-03_05-28-25,528.9977445602417,563.4374010562897,
307,hm_llama3,6,22.514,1199,20,,0.0,2026-01-03_05-39-47,628.5445313453674,751.4583358764648,
308,hm_llama3,6,6.481000000000001,1399,24,,0.0,2026-01-03_05-37-35,672.1376535892487,1003.2312524318696,
309,hm_llama3,6,35.525,1099,18,,0.0,2026-01-03_05-56-28,574.7019577026367,621.301575422287,
310,hm_llama3,6,-37.908,1399,24,,0.0,2026-01-03_05-54-20,639.4665668010712,953.7393255233764,
311,hm_llama3,6,44.773,1299,23,,0.0,2026-01-03_08-57-29,627.8293025493622,839.6492645740509,
312,hm_llama3,7,-4.422999999999998,1399,25,,0.0,2026-01-03_09-13-43,632.4142968654633,972.4168663024902,
313,hm_llama3,6,15.089,2399,42,,0.0,2026-01-03_08-56-46,769.815337896347,1994.7390530109408,
314,hm_llama3,7,-33.611,1599,28,,0.0,2026-01-03_09-31-51,645.4242517948151,949.471010684967,
315,hm_llama3,7,20.498,1099,21,,0.0,2026-01-03_09-49-59,660.241617679596,694.6605722904205,
316,hm_llama3,7,-51.011,2599,46,,0.0,2026-01-03_09-32-13,597.157529592514,1880.4866292476647,
317,hm_llama3,7,28.736,1399,26,,0.0,2026-01-03_14-19-03,661.8497052192688,974.8657648563384,
318,hm_llama3,7,19.803999999999995,1599,29,,0.0,2026-01-03_14-18-27,749.4513685703278,1078.615112543106,
319,hm_llama3,3,4.829,1199,21,,0.0,2026-01-04_04-35-10,730.7121186256409,849.6323373317719,
320,hm_llama3,7,-23.504,1199,18,,0.0,2026-01-15_16-11-34,540.2681031227112,703.5498924255371,
321,hm_llama3,7,-29.19400000000001,1199,20,,0.0,2026-01-15_16-47-16,650.562929391861,794.8546447753906,
322,hm_llama3,3,-9.614,1399,26,,0.0,2026-01-15_17-02-42,850.9510426521301,1152.3953504562378,
323,hm_llama3,3,49.733,1299,24,,0.0,2026-01-16_06-22-16,488.76527547836304,643.946043252945,
324,hm_llama3,4,40.704,1499,24,,0.0,2026-01-16_06-25-04,514.777729511261,834.4715514183044,
325,hm_llama3,4,32.026,1399,22,,0.0,2026-01-16_06-35-16,619.2462890148163,858.4352848529816,
326,hm_llama3,5,0.5759999999999998,1199,11,,0.0,2026-01-16_06-41-19,475.1801767349243,568.9788599014282,
327,hm_llama3,5,4.878999999999999,1199,13,,0.0,2026-01-16_06-51-48,483.0722863674164,620.9997019767761,
328,hm_llama3,6,-3.4460000000000006,1299,19,,0.0,2026-01-16_06-52-51,643.796225309372,903.3879883289336,
329,hm_llama3,6,-19.460000000000004,1699,28,,0.0,2026-01-16_07-04-24,661.9390525817871,1203.3147792816162,
330,hm_llama3,7,5.73,1599,31,,0.0,2026-01-16_07-09-49,727.7517247200012,1177.3798742294312,
331,hm_llama3,7,49.865,1999,33,,0.0,2026-01-16_07-26-48,549.2864151000977,1304.0952150821686,
332,hm_llama3,0,54.657,1399,24,,0.0,2026-01-16_15-39-08,530.7266745567322,708.9664697647095,
333,hm_llama3,0,16.592000000000002,1999,33,,0.0,2026-01-16_15-39-31,630.9510536193848,1309.1879189014437,
334,hm_llama3,1,-10.115,1499,26,,0.0,2026-01-16_15-54-09,684.5779254436493,922.4619450569152,
335,hm_llama3,1,-14.723999999999998,1099,19,,0.0,2026-01-16_16-03-34,714.7023544311523,749.2380373477936,
336,hm_llama3,2,0.4720000000000006,1099,19,,0.0,2026-01-16_16-11-41,770.1165533065796,853.8339092731476,
337,hm_llama3,2,15.178999999999998,1199,19,,0.0,2026-01-16_16-18-03,675.4116389751434,844.6029489040375,
